{
  "assetsByChunkName": {
    "vendors~app-account~app-confirmation~app-order": "chunk.b5d474bd36f4711742d0.js",
    "vendors~app-account~app-checkout": "chunk.88564b09a3e9b15741f1.js",
    "vendors~app-cart~app-checkout": "chunk.d645b5dc669f807f085b.js",
    "admin": [
      "admin.0f2e6ea18345947d97d6.js",
      "admin.0f2e6ea18345947d97d6.js.map"
    ],
    "app-account": "chunk.eb29129959fe48211608.js",
    "app-confirmation": "chunk.7730d54e94d5527ee571.js",
    "app-order": "chunk.5dc6731545f9fb8808ce.js",
    "checkout": [
      "checkout.8b3aa394a24df17a60d5.js",
      "checkout.8b3aa394a24df17a60d5.js.map"
    ],
    "storefront": [
      "storefront.7fe94751585fe70540de.css",
      "storefront.f876eb5bba1fb6ca9cff.js",
      "storefront.7fe94751585fe70540de.css.map",
      "storefront.f876eb5bba1fb6ca9cff.js.map"
    ],
    "vendors~app-cart": "chunk.98bbab51a082066ce2ac.js",
    "vendors~app-checkout": "chunk.c082794da55392eacaf5.js"
  }
}